keyword,tag,check
asia,japanese korean,
asian,japanese korean,
bento,rice,
bentos,rice,
beverage,beverage,cold hot
beverages,beverage,cold hot
bread,bread,
broke,cheap,
budget,cheap,
budgeted,cheap,
budgeting,cheap,
budgets,cheap,
cheap,cheap,
cheaper,cheap,
cheapest,cheap,
check order,vieworders,
check ordered,vieworders,
check ordering,vieworders,
check orders,vieworders,
checked order,vieworders,
checked ordered,vieworders,
checked ordering,vieworders,
checked orders,vieworders,
checking order,vieworders,
checking ordered,vieworders,
checking ordering,vieworders,
checking orders,vieworders,
checks order,vieworders,
checks ordered,vieworders,
checks ordering,vieworders,
checks orders,vieworders,
dessert,dessert,
desserts,dessert,
did order,makeorder,
did ordered,makeorder,
did ordering,makeorder,
did orders,makeorder,
do order,makeorder,
do ordered,makeorder,
do ordering,makeorder,
do orders,makeorder,
drank,beverage,cold hot
drink,beverage,cold hot
drinking,beverage,cold hot
drinks,beverage,cold hot
drunk,beverage,cold hot
east,japanese korean,
eastern,japanese korean,
japan,japanese,
japanese,japanese,
korea,korean,
korean,korean,
kuih,dessert,
kuihmuih,dessert,
kuihs,dessert,
made order,makeorder,
made ordered,makeorder,
made ordering,makeorder,
made orders,makeorder,
make order,makeorder,
make ordered,makeorder,
make ordering,makeorder,
make orders,makeorder,
makes order,makeorder,
makes ordered,makeorder,
makes ordering,makeorder,
makes orders,makeorder,
making order,makeorder,
making ordered,makeorder,
making ordering,makeorder,
making orders,makeorder,
malay,malay,
mamak,mamak,
mamaks,mamak,
meat,meat,chicken fish seafood
meats,meat,chicken fish seafood
melayu,malay,
noodle,noodle,
noodles,noodle,
order,order,
order list,vieworders,
order listed,vieworders,
order listing,vieworders,
order lists,vieworders,
ordered,order,
ordered list,vieworders,
ordered listed,vieworders,
ordered listing,vieworders,
ordered lists,vieworders,
ordering,order,
ordering list,vieworders,
ordering listed,vieworders,
ordering listing,vieworders,
ordering lists,vieworders,
orders,order,
orders list,vieworders,
orders listed,vieworders,
orders listing,vieworders,
orders lists,vieworders,
place order,makeorder,
place ordered,makeorder,
place ordering,makeorder,
place orders,makeorder,
placed order,makeorder,
placed ordered,makeorder,
placed ordering,makeorder,
placed orders,makeorder,
places order,makeorder,
places ordered,makeorder,
places ordering,makeorder,
places orders,makeorder,
placing order,makeorder,
placing ordered,makeorder,
placing ordering,makeorder,
placing orders,makeorder,
recommend,recommend,
recommendation,recommend,
recommendations,recommend,
recommended,recommend,
recommending,recommend,
recommends,recommend,
rice,rice,
roti,roti,
snack,dessert,
snacked,dessert,
snacking,dessert,
snacks,dessert,
soba,noodle,
street food,mamak,
street foods,mamak,
suggest,recommend,
suggested,recommend,
suggesting,recommend,
suggestion,recommend,
suggestions,recommend,
suggests,recommend,
sweet,dessert,
sweets,dessert,
udon,noodle,
view order,vieworders,
view ordered,vieworders,
view ordering,vieworders,
view orders,vieworders,
viewed order,vieworders,
viewed ordered,vieworders,
viewed ordering,vieworders,
viewed orders,vieworders,
viewing order,vieworders,
viewing ordered,vieworders,
viewing ordering,vieworders,
viewing orders,vieworders,
views order,vieworders,
views ordered,vieworders,
views ordering,vieworders,
views orders,vieworders,
want order,makeorder,
want ordered,makeorder,
want ordering,makeorder,
want orders,makeorder,
wanted order,makeorder,
wanted ordered,makeorder,
wanted ordering,makeorder,
wanted orders,makeorder,
would order,makeorder,
would ordered,makeorder,
would ordering,makeorder,
would orders,makeorder,